,airport,Total,identifier
0,1B1,13,Departure
1,3TX,4,Departure
2,ABE,100369,Departure
3,ABI,12921,Departure
4,ABQ,43443,Departure
5,ABR,26,Departure
6,ABY,78,Departure
7,ACK,220,Departure
8,ACT,6862,Departure
9,ACY,215199,Departure
10,ADK,87,Departure
11,ADQ,36,Departure
12,ADS,50,Departure
13,ADW,32877,Departure
14,AEX,170572,Departure
15,AFW,5291,Departure
16,AGC,31,Departure
17,AGS,27763,Departure
18,AHN,2,Departure
19,AID,73,Departure
20,AIK,79,Departure
21,AKN,331,Departure
22,AL5,21,Departure
23,ALB,215333,Departure
24,ALO,2643,Departure
25,AMA,5562,Departure
26,ANC,11849741,Departure
27,ANN,137,Departure
28,APA,367,Departure
29,APC,265,Departure
30,APF,842,Departure
31,APH,477,Departure
32,ARA,154,Departure
33,ARB,4,Departure
34,ART,6,Departure
35,ARV,4,Departure
36,ASE,147,Departure
37,ASH,7,Departure
38,ASN,2,Departure
39,AST,16,Departure
40,ATL,215457577,Departure
41,ATW,432,Departure
42,AUG,5,Departure
43,AUS,2555675,Departure
44,AUZ,5,Departure
45,AVL,519,Departure
46,AVP,6656,Departure
47,AVW,10,Departure
48,AWK,2169,Departure
49,AXN,5,Departure
50,AZA,254133,Departure
51,AZO,939,Departure
52,BAD,1201,Departure
53,BAF,615,Departure
54,BCT,590,Departure
55,BDL,2246388,Departure
56,BDR,436,Departure
57,BED,18345,Departure
58,BEH,91,Departure
59,BET,4,Departure
60,BFF,1103,Departure
61,BFI,43920,Departure
62,BFK,807,Departure
63,BFL,25426,Departure
64,BFM,66,Departure
65,BFT,103,Departure
66,BGM,227,Departure
67,BGR,3668087,Departure
68,BHB,10,Departure
69,BHC,1089,Departure
70,BHM,77630,Departure
71,BID,2,Departure
72,BIF,8179,Departure
73,BIH,4,Departure
74,BIL,14726,Departure
75,BIS,8300,Departure
76,BIX,105,Departure
77,BJC,248,Departure
78,BKL,4099,Departure
79,BKX,4,Departure
80,BLI,55853,Departure
81,BLM,36,Departure
82,BLV,2359,Departure
83,BMG,7,Departure
84,BMI,1252,Departure
85,BNA,2789440,Departure
86,BOI,8857,Departure
87,BOS,122896828,Departure
88,BPI,4,Departure
89,BPT,4951,Departure
90,BQK,564,Departure
91,BQN,80099,Departure
92,BRD,411,Departure
93,BRG,3068,Departure
94,BRO,195224,Departure
95,BRW,1347,Departure
96,BSM,794,Departure
97,BSW,4,Departure
98,BTL,216,Departure
99,BTM,362,Departure
100,BTR,3697,Departure
101,BTV,25089,Departure
102,BUF,573647,Departure
103,BUR,2754,Departure
104,BVY,58,Departure
105,BWI,20077752,Departure
106,BYW,2,Departure
107,BZN,1014,Departure
108,C01,12,Departure
109,CAE,46435,Departure
110,CAK,3390,Departure
111,CDB,2587,Departure
112,CDW,8,Departure
113,CEF,1028,Departure
114,CFT,12,Departure
115,CGI,90,Departure
116,CHA,5331,Departure
117,CHD,562,Departure
118,CHI,4,Departure
119,CHO,515,Departure
120,CHS,158697,Departure
121,CHU,1,Departure
122,CID,7455,Departure
123,CIN,18,Departure
124,CIU,40,Departure
125,CKB,43,Departure
126,CKV,3,Departure
127,CLD,111,Departure
128,CLE,6499442,Departure
129,CLL,3759,Departure
130,CLM,293855,Departure
131,CLS,5,Departure
132,CLT,51996735,Departure
133,CLU,834,Departure
134,CMH,1245921,Departure
135,CMI,5166,Departure
136,CNM,11,Departure
137,CNW,170,Departure
138,CNY,28,Departure
139,COE,48,Departure
140,COF,1040,Departure
141,CON,36,Departure
142,COS,29971,Departure
143,COU,538,Departure
144,CPR,1665,Departure
145,CPS,3682,Departure
146,CPX,8,Departure
147,CRP,43381,Departure
148,CRW,946,Departure
149,CSG,12646,Departure
150,CT1,8,Departure
151,CTH,6,Departure
152,CVG,17011147,Departure
153,CVO,6,Departure
154,CVS,998,Departure
155,CWA,1128,Departure
156,CXO,30,Departure
157,CYF,18,Departure
158,CYS,5840,Departure
159,DAB,140701,Departure
160,DAL,42423,Departure
161,DAY,23004,Departure
162,DBN,55,Departure
163,DBQ,253,Departure
164,DCA,6195002,Departure
165,DEC,17,Departure
166,DEN,43204377,Departure
167,DET,848,Departure
168,DFW,152835097,Departure
169,DHB,2,Departure
170,DHN,181,Departure
171,DLH,17753,Departure
172,DMA,275,Departure
173,DNE,560,Departure
174,DNN,22,Departure
175,DOF,1,Departure
176,DOV,8362,Departure
177,DPA,80,Departure
178,DQF,4894,Departure
179,DQK,4201,Departure
180,DQN,1240,Departure
181,DQU,2,Departure
182,DRF,5,Departure
183,DRT,7,Departure
184,DSI,1,Departure
185,DSM,30185,Departure
186,DTT,78140,Departure
187,DTW,93825904,Departure
188,DVT,6,Departure
189,DWH,44,Departure
190,DXR,8,Departure
191,DYS,107,Departure
192,EAA,98,Departure
193,EAR,7,Departure
194,EAT,31,Departure
195,EAU,306,Departure
196,ECP,550,Departure
197,EDF,2245,Departure
198,EDW,111,Departure
199,EEN,3,Departure
200,EFD,12770,Departure
201,EFK,3,Departure
202,EGE,11146,Departure
203,EGV,10,Departure
204,EIL,1691,Departure
205,EKI,12,Departure
206,EKO,2144,Departure
207,ELD,2,Departure
208,ELM,390,Departure
209,ELP,230849,Departure
210,ENA,934,Departure
211,ENV,4844,Departure
212,ENW,8,Departure
213,EOK,2,Departure
214,ERI,128862,Departure
215,ESD,26,Departure
216,ESN,116,Departure
217,EUG,1599,Departure
218,EVV,4807,Departure
219,EWB,84,Departure
220,EWK,338,Departure
221,EWR,258195184,Departure
222,EYW,2941,Departure
223,FAI,205867,Departure
224,FAQ,92,Departure
225,FAR,31124,Departure
226,FAT,1880143,Departure
227,FAY,836,Departure
228,FBS,210,Departure
229,FCA,1684,Departure
230,FCM,6,Departure
231,FDY,1,Departure
232,FFO,1016,Departure
233,FHB,1,Departure
234,FHU,12,Departure
235,FL4,7,Departure
236,FL6,2,Departure
237,FL7,4,Departure
238,FLG,37,Departure
239,FLL,85048426,Departure
240,FLO,49,Departure
241,FMH,132,Departure
242,FMY,564,Departure
243,FNL,221,Departure
244,FNT,8239,Departure
245,FOD,284,Departure
246,FOE,9147,Departure
247,FOK,972,Departure
248,FPR,321,Departure
249,FQD,5,Departure
250,FQQ,1426,Departure
251,FRD,1155,Departure
252,FRG,16430,Departure
253,FSD,17617,Departure
254,FSM,1923,Departure
255,FTW,4757,Departure
256,FTY,310,Departure
257,FVO,4,Departure
258,FWA,11126,Departure
259,FWH,294,Departure
260,FXE,18481,Departure
261,FYU,26,Departure
262,FYV,9,Departure
263,GA5,8,Departure
264,GA7,6,Departure
265,GAM,121,Departure
266,GBR,11,Departure
267,GCC,19,Departure
268,GCK,6,Departure
269,GCN,10,Departure
270,GDC,28,Departure
271,GED,9,Departure
272,GEG,982032,Departure
273,GFK,6226,Departure
274,GFL,5,Departure
275,GGG,1039,Departure
276,GJT,13657,Departure
277,GLR,7,Departure
278,GNV,185,Departure
279,GON,46,Departure
280,GPT,23926,Departure
281,GRB,7675,Departure
282,GRD,1218,Departure
283,GRI,410,Departure
284,GRK,17151,Departure
285,GRR,71605,Departure
286,GSB,953,Departure
287,GSO,37728,Departure
288,GSP,49807,Departure
289,GTF,22122,Departure
290,GTR,34,Departure
291,GUC,168,Departure
292,GUF,6,Departure
293,GUM,72890997,Departure
294,GUS,119,Departure
295,GVW,471,Departure
296,GYY,101,Departure
297,HAR,3,Departure
298,HCR,5,Departure
299,HDN,443,Departure
300,HFD,5,Departure
301,HGR,304,Departure
302,HHH,81,Departure
303,HIB,14,Departure
304,HIF,1590,Departure
305,HIK,7134,Departure
306,HIO,48,Departure
307,HKY,58,Departure
308,HLG,38,Departure
309,HLM,114,Departure
310,HLN,462,Departure
311,HMN,92,Departure
312,HNL,147006062,Departure
313,HNS,5,Departure
314,HOM,10,Departure
315,HON,76,Departure
316,HOP,11954,Departure
317,HOU,3878588,Departure
318,HPN,279727,Departure
319,HQM,8,Departure
320,HRL,92990,Departure
321,HSH,16,Departure
322,HSL,12,Departure
323,HST,28892,Departure
324,HSV,13956,Departure
325,HTO,27,Departure
326,HTS,188,Departure
327,HUA,85,Departure
328,HUF,1204,Departure
329,HUS,20,Departure
330,HVN,96,Departure
331,HWD,2,Departure
332,HYA,505,Departure
333,HYG,1,Departure
334,HYS,42,Departure
335,IA4,23,Departure
336,IAD,144689401,Departure
337,IAG,61193,Departure
338,IAH,193806073,Departure
339,ICT,5991,Departure
340,IDA,1190,Departure
341,IDP,106,Departure
342,IFP,94445,Departure
343,II3,54,Departure
344,IL2,4,Departure
345,ILG,689,Departure
346,ILI,9,Departure
347,ILM,8887,Departure
348,ILN,6,Departure
349,IMT,14,Departure
350,IN6,25,Departure
351,IND,2271489,Departure
352,INL,7086,Departure
353,INT,226,Departure
354,IPT,26,Departure
355,ISM,13,Departure
356,ISN,350,Departure
357,ISO,446,Departure
358,ISP,14245,Departure
359,ISW,4,Departure
360,ITH,39,Departure
361,IWD,4,Departure
362,JAC,248,Departure
363,JAN,3638,Departure
364,JAX,154543,Departure
365,JCC,56,Departure
366,JCI,6,Departure
367,JDX,1,Departure
368,JEF,11,Departure
369,JFK,635271483,Departure
370,JHW,8,Departure
371,JLN,109,Departure
372,JNU,5539,Departure
373,JON,245304,Departure
374,JOR,100,Departure
375,JQF,412,Departure
376,JRF,304,Departure
377,JRV,163,Departure
378,JZI,16,Departure
379,JZQ,12,Departure
380,JZT,7,Departure
381,KCQ,1,Departure
382,KDK,2,Departure
383,KEH,35530,Departure
384,KLW,5,Departure
385,KOA,2069842,Departure
386,KPB,1,Departure
387,KTN,923,Departure
388,KY5,8,Departure
389,LAA,23,Departure
390,LAF,87141,Departure
391,LAL,44,Departure
392,LAN,89423,Departure
393,LAR,1610,Departure
394,LAS,53157166,Departure
395,LAW,565,Departure
396,LAX,492462404,Departure
397,LBB,5028,Departure
398,LBE,620,Departure
399,LBF,1863,Departure
400,LCH,4938,Departure
401,LCI,5,Departure
402,LCK,16067,Departure
403,LDJ,2,Departure
404,LEB,177,Departure
405,LEE,8,Departure
406,LEX,2539,Departure
407,LFI,5527,Departure
408,LFK,286,Departure
409,LFT,9863,Departure
410,LGA,42658385,Departure
411,LGB,2818,Departure
412,LGU,8,Departure
413,LIH,431824,Departure
414,LIT,7956,Departure
415,LIZ,167,Departure
416,LKE,404618,Departure
417,LKK,12,Departure
418,LKP,3,Departure
419,LMT,76,Departure
420,LNA,34,Departure
421,LNK,1793,Departure
422,LNS,1,Departure
423,LNY,11,Departure
424,LOT,4,Departure
425,LOZ,20,Departure
426,LPS,70,Departure
427,LRD,432515,Departure
428,LRF,958,Departure
429,LSE,5466,Departure
430,LSF,3652,Departure
431,LSV,1073,Departure
432,LTS,105,Departure
433,LUF,134,Departure
434,LUK,276,Departure
435,LVK,6,Departure
436,LWB,566,Departure
437,LWM,5,Departure
438,LWS,6,Departure
439,LWT,2,Departure
440,LYH,134,Departure
441,LYU,9588,Departure
442,MA4,8,Departure
443,MAF,2946,Departure
444,MAZ,73692,Departure
445,MBL,38,Departure
446,MBS,16831,Departure
447,MBY,3,Departure
448,MCC,154,Departure
449,MCF,2830,Departure
450,MCI,1408756,Departure
451,MCK,55,Departure
452,MCN,895,Departure
453,MCO,90830501,Departure
454,MDD,5,Departure
455,MDT,219265,Departure
456,MDW,7329151,Departure
457,MDY,1676,Departure
458,MEM,5062761,Departure
459,MEO,10,Departure
460,MFE,557011,Departure
461,MFR,264,Departure
462,MGE,486,Departure
463,MGM,5894,Departure
464,MGY,10,Departure
465,MHK,174,Departure
466,MHR,221,Departure
467,MHT,112783,Departure
468,MHV,7,Departure
469,MI2,8,Departure
470,MIA,489260654,Departure
471,MIB,101,Departure
472,MJX,4,Departure
473,MKC,1969,Departure
474,MKE,3181883,Departure
475,MKG,38,Departure
476,MKT,199,Departure
477,MLB,48416,Departure
478,MLI,6612,Departure
479,MLU,369,Departure
480,MMH,1,Departure
481,MMT,318,Departure
482,MMU,567,Departure
483,MN7,13,Departure
484,MNZ,35,Departure
485,MOB,4452,Departure
486,MOD,16,Departure
487,MOT,5814,Departure
488,MPB,10670,Departure
489,MPR,32,Departure
490,MPS,927,Departure
491,MPV,5,Departure
492,MQT,139,Departure
493,MQY,339,Departure
494,MRB,8,Departure
495,MRI,1,Departure
496,MRY,986,Departure
497,MSC,2,Departure
498,MSN,13584,Departure
499,MSO,6490,Departure
500,MSP,65363568,Departure
501,MSS,5,Departure
502,MSV,111,Departure
503,MSY,3179462,Departure
504,MTC,77,Departure
505,MTH,58,Departure
506,MTJ,187,Departure
507,MTN,31,Departure
508,MTO,3,Departure
509,MUL,11,Departure
510,MUO,958,Departure
511,MVC,7,Departure
512,MVL,61,Departure
513,MVW,6,Departure
514,MVY,95,Departure
515,MWH,27542,Departure
516,MWL,2,Departure
517,MWO,16,Departure
518,MXE,4,Departure
519,MXF,516,Departure
520,MYL,50,Departure
521,MYR,186487,Departure
522,N1C,1738,Departure
523,N2C,499,Departure
524,NAD,10,Departure
525,NBG,589,Departure
526,NBU,851,Departure
527,NC1,2613,Departure
528,NC8,4,Departure
529,NCO,2513,Departure
530,NCQ,93,Departure
531,NEW,15,Departure
532,NGF,234,Departure
533,NGM,762,Departure
534,NGP,105,Departure
535,NGU,65464,Departure
536,NHZ,2186,Departure
537,NIP,152706,Departure
538,NJK,271,Departure
539,NKT,23637,Departure
540,NKX,1596,Departure
541,NNL,1,Departure
542,NQX,6546,Departure
543,NRB,3844,Departure
544,NRR,43943,Departure
545,NTD,83,Departure
546,NUL,1,Departure
547,NUQ,93,Departure
548,NUW,518,Departure
549,NXX,575,Departure
550,NY3,16,Departure
551,NYC,122901,Departure
552,NYL,237,Departure
553,NZC,5715,Departure
554,NZY,464,Departure
555,OAJ,1126,Departure
556,OAK,7636197,Departure
557,OCA,21,Departure
558,ODW,45,Departure
559,OFF,463,Departure
560,OGD,184,Departure
561,OGG,4997487,Departure
562,OGS,14,Departure
563,OH4,4,Departure
564,OKC,93193,Departure
565,OKK,8,Departure
566,OLM,24,Departure
567,OLS,13,Departure
568,OMA,40700,Departure
569,OME,10780,Departure
570,ONT,2145040,Departure
571,OPF,2905,Departure
572,OR4,4,Departure
573,ORD,289763281,Departure
574,ORF,96493,Departure
575,ORH,640,Departure
576,ORL,27292,Departure
577,ORT,544,Departure
578,OSC,21,Departure
579,OSH,219,Departure
580,OTH,932,Departure
581,OTS,23,Departure
582,OTZ,77,Departure
583,OWD,6,Departure
584,OXC,23,Departure
585,OXR,6,Departure
586,PA3,6,Departure
587,PA5,4,Departure
588,PAE,1077,Departure
589,PAH,51,Departure
590,PAM,200,Departure
591,PAQ,25,Departure
592,PBG,9,Departure
593,PBI,2891102,Departure
594,PDK,594,Departure
595,PDX,14611147,Departure
596,PFN,32,Departure
597,PGA,29,Departure
598,PGV,4,Departure
599,PHF,1381,Departure
600,PHL,85232187,Departure
601,PHN,49,Departure
602,PHX,41550746,Departure
603,PIA,9941,Departure
604,PIE,3109117,Departure
605,PIH,334,Departure
606,PIM,156,Departure
607,PIT,10192100,Departure
608,PKB,4,Departure
609,PLB,4,Departure
610,PLN,6,Departure
611,PMB,321,Departure
612,PNE,122,Departure
613,PNS,2433,Departure
614,PNX,3,Departure
615,POB,23330,Departure
616,POF,4,Departure
617,POU,2,Departure
618,PPD,172,Departure
619,PPG,1385836,Departure
620,PPV,2,Departure
621,PQI,335,Departure
622,PRB,347,Departure
623,PRC,7,Departure
624,PSC,312,Departure
625,PSE,19367,Departure
626,PSF,18,Departure
627,PSG,109,Departure
628,PSK,9,Departure
629,PSM,48802,Departure
630,PSN,3027,Departure
631,PSP,4137158,Departure
632,PTK,26714,Departure
633,PUB,2761,Departure
634,PUL,30,Departure
635,PUW,8,Departure
636,PVD,648450,Departure
637,PVU,776,Departure
638,PWK,372,Departure
639,PWM,38902,Departure
640,PWT,44,Departure
641,QAK,8,Departure
642,QMA,199,Departure
643,RAC,6,Departure
644,RAL,11,Departure
645,RAP,2226,Departure
646,RBH,3,Departure
647,RCA,827,Departure
648,RCE,289,Departure
649,RDD,291,Departure
650,RDG,7,Departure
651,RDM,322,Departure
652,RDU,6722296,Departure
653,RFD,214245,Departure
654,RIC,560504,Departure
655,RIL,52,Departure
656,RIV,7427,Departure
657,RKD,22,Departure
658,RME,1704,Departure
659,RNO,1349193,Departure
660,RNT,73,Departure
661,ROA,2326,Departure
662,ROC,696962,Departure
663,ROG,97,Departure
664,ROP,19304,Departure
665,ROR,247438,Departure
666,ROW,1131,Departure
667,RQZ,286,Departure
668,RSJ,85,Departure
669,RSN,3371,Departure
670,RST,7687,Departure
671,RSW,5854604,Departure
672,RUT,22,Departure
673,RWI,2,Departure
674,S24,1,Departure
675,S27,3,Departure
676,SAA,72,Departure
677,SAC,4,Departure
678,SAF,20,Departure
679,SAN,12158268,Departure
680,SAT,7408880,Departure
681,SAV,241942,Departure
682,SBA,1144,Departure
683,SBD,101,Departure
684,SBM,54,Departure
685,SBN,5789,Departure
686,SBO,3,Departure
687,SBP,5,Departure
688,SBY,13,Departure
689,SC1,92,Departure
690,SCC,1184,Departure
691,SCE,79,Departure
692,SCF,1071,Departure
693,SCH,8,Departure
694,SCK,92,Departure
695,SDF,49031,Departure
696,SDM,677,Departure
697,SEA,80341047,Departure
698,SEE,6,Departure
699,SEF,3,Departure
700,SEG,5,Departure
701,SES,733,Departure
702,SFB,14908741,Departure
703,SFF,2770,Departure
704,SFM,422,Departure
705,SFO,244678358,Departure
706,SFZ,14,Departure
707,SGF,3354,Departure
708,SGH,105,Departure
709,SGR,123,Departure
710,SGU,42,Departure
711,SHD,2,Departure
712,SHN,336,Departure
713,SHR,7,Departure
714,SHV,12606,Departure
715,SIG,938,Departure
716,SIT,480,Departure
717,SJC,10774757,Departure
718,SJN,55,Departure
719,SJT,519,Departure
720,SJU,51692868,Departure
721,SKA,395,Departure
722,SKF,5910,Departure
723,SLC,13380686,Departure
724,SLE,65,Departure
725,SLK,43,Departure
726,SLN,737,Departure
727,SMF,2557216,Departure
728,SMO,72,Departure
729,SMX,17,Departure
730,SNA,2520982,Departure
731,SOP,350,Departure
732,SPB,591,Departure
733,SPI,1729,Departure
734,SPN,26348321,Departure
735,SPS,4984,Departure
736,SQV,5,Departure
737,SRQ,729417,Departure
738,SSB,1580,Departure
739,SSC,3562,Departure
740,SSI,42,Departure
741,SSM,3,Departure
742,STC,3,Departure
743,STL,8923575,Departure
744,STP,103,Departure
745,STS,89,Departure
746,STT,237694,Departure
747,STX,106099,Departure
748,SUA,162,Departure
749,SUN,183,Departure
750,SUO,14,Departure
751,SUS,2202,Departure
752,SUU,809,Departure
753,SUX,95,Departure
754,SVA,91,Departure
755,SVN,8763,Departure
756,SWF,730570,Departure
757,SYA,849,Departure
758,SYR,807656,Departure
759,SZL,1390,Departure
760,T3X,2,Departure
761,T8X,2,Departure
762,TBR,4,Departure
763,TCL,106,Departure
764,TCM,3249,Departure
765,TEB,27848,Departure
766,TEX,6,Departure
767,THV,16,Departure
768,TIK,342,Departure
769,TIW,258,Departure
770,TIX,12,Departure
771,TKF,5,Departure
772,TKI,5,Departure
773,TLH,6400,Departure
774,TLR,89,Departure
775,TMB,449,Departure
776,TN2,3,Departure
777,TN8,24,Departure
778,TOL,6339,Departure
779,TPA,16769076,Departure
780,TRI,6243,Departure
781,TRM,179,Departure
782,TTN,518,Departure
783,TUL,27983,Departure
784,TUP,170,Departure
785,TUS,1056560,Departure
786,TVC,525,Departure
787,TVI,5,Departure
788,TVL,11,Departure
789,TWD,16,Departure
790,TWF,1075,Departure
791,TX5,10,Departure
792,TYE,2,Departure
793,TYR,776,Departure
794,TYS,55213,Departure
795,UAM,11004,Departure
796,UBF,306,Departure
797,UCA,500,Departure
798,UGN,83,Departure
799,USA,531,Departure
800,UST,125,Departure
801,UTM,235,Departure
802,UXP,65,Departure
803,VA5,3,Departure
804,VAD,917,Departure
805,VCT,233,Departure
806,VCV,4369,Departure
807,VGT,5,Departure
808,VIS,18,Departure
809,VLD,4,Departure
810,VNY,2069,Departure
811,VOK,3884,Departure
812,VPS,2136,Departure
813,VQQ,645,Departure
814,VQS,53,Departure
815,VRB,186,Departure
816,VWH,5,Departure
817,VWK,11,Departure
818,WA3,6,Departure
819,WA5,1,Departure
820,WAS,3,Departure
821,WFB,367,Departure
822,WQN,3,Departure
823,WRB,2143,Departure
824,WRG,31,Departure
825,WRI,15510,Departure
826,WSX,112,Departure
827,WVL,1,Departure
828,XNA,598,Departure
829,XXX,18,Departure
830,YAK,72,Departure
831,YIP,2601,Departure
832,YKM,1757,Departure
833,YNG,976,Departure
834,YUM,506,Departure
835,ZXU,17,Departure
836,ZZZ,12578,Departure
0,AAL,2778,Arrival
1,AAO,3,Arrival
2,AAR,18,Arrival
3,ABJ,2808,Arrival
4,ABV,8312,Arrival
5,ABZ,3895,Arrival
6,ACA,5498897,Arrival
7,ACC,2275345,Arrival
8,ACE,241,Arrival
9,ACH,6,Arrival
10,ACU,446,Arrival
11,ADB,385,Arrival
12,ADD,2581805,Arrival
13,ADJ,228,Arrival
14,ADL,10,Arrival
15,ADX,10,Arrival
16,ADZ,51855,Arrival
17,AEG,6,Arrival
18,AEP,239,Arrival
19,AER,2991,Arrival
20,AEY,903,Arrival
21,AGA,1,Arrival
22,AGH,10,Arrival
23,AGP,560943,Arrival
24,AGT,105,Arrival
25,AGU,2069898,Arrival
26,AHO,132,Arrival
27,AJA,9,Arrival
28,AJU,510,Arrival
29,AKJ,5874,Arrival
30,AKL,24490727,Arrival
31,AKR,10,Arrival
32,ALA,44,Arrival
33,ALC,363,Arrival
34,ALG,2,Arrival
35,ALT,1845,Arrival
36,ALY,78,Arrival
37,AMD,55441,Arrival
38,AMF,361,Arrival
39,AMM,3898626,Arrival
40,AMS,126092797,Arrival
41,ANE,13,Arrival
42,ANF,4811,Arrival
43,ANR,163,Arrival
44,ANU,8003312,Arrival
45,ANX,2,Arrival
46,AOJ,23268,Arrival
47,APW,945508,Arrival
48,ARH,1328,Arrival
49,ARI,648,Arrival
50,ARN,12939293,Arrival
51,ASD,128120,Arrival
52,ASI,269,Arrival
53,ASU,385906,Arrival
54,ATH,9457284,Arrival
55,ATQ,225,Arrival
56,AUA,32917805,Arrival
57,AUH,8212956,Arrival
58,AVB,647,Arrival
59,AVI,289,Arrival
60,AVN,50,Arrival
61,AXA,811521,Arrival
62,AXM,332563,Arrival
63,AXT,21660,Arrival
64,AYT,1163,Arrival
65,AZS,91308,Arrival
66,B2C,1,Arrival
67,B4C,22,Arrival
68,BAH,95310,Arrival
69,BAI,12,Arrival
70,BAK,14,Arrival
71,BAQ,3204359,Arrival
72,BAZ,8,Arrival
73,BBR,45,Arrival
74,BBU,53058,Arrival
75,BC3,348,Arrival
76,BC5,487,Arrival
77,BC6,25,Arrival
78,BC7,136,Arrival
79,BC8,21,Arrival
80,BC9,85,Arrival
81,BCN,13019819,Arrival
82,BDA,21646965,Arrival
83,BDH,325,Arrival
84,BDS,6,Arrival
85,BDU,5,Arrival
86,BEG,311237,Arrival
87,BEL,428938,Arrival
88,BEN,2,Arrival
89,BER,7,Arrival
90,BES,1949,Arrival
91,BEV,765,Arrival
92,BEY,53,Arrival
93,BFS,1823612,Arrival
94,BGA,319,Arrival
95,BGI,14303070,Arrival
96,BGL,65,Arrival
97,BGN,173,Arrival
98,BGO,72512,Arrival
99,BGX,4,Arrival
100,BHD,89,Arrival
101,BHK,1239,Arrival
102,BHS,785,Arrival
103,BHX,4507376,Arrival
104,BIA,1,Arrival
105,BIK,274796,Arrival
106,BIM,190190,Arrival
107,BIO,309,Arrival
108,BIQ,337,Arrival
109,BIV,25,Arrival
110,BJL,94090,Arrival
111,BJV,44,Arrival
112,BJX,9720824,Arrival
113,BKI,3,Arrival
114,BKK,948253,Arrival
115,BKO,14,Arrival
116,BKS,9,Arrival
117,BLA,735277,Arrival
118,BLB,17,Arrival
119,BLE,1,Arrival
120,BLG,1986,Arrival
121,BLK,19,Arrival
122,BLL,32839,Arrival
123,BLP,1,Arrival
124,BLQ,74177,Arrival
125,BLR,1089,Arrival
126,BMA,382,Arrival
127,BMJ,3285,Arrival
128,BNE,5746425,Arrival
129,BOB,37,Arrival
130,BOD,21206,Arrival
131,BOG,35692418,Arrival
132,BOH,12168,Arrival
133,BOM,4504311,Arrival
134,BON,1169488,Arrival
135,BOO,97,Arrival
136,BOQ,4057,Arrival
137,BOX,100,Arrival
138,BQH,458,Arrival
139,BQU,4,Arrival
140,BR1,312,Arrival
141,BRE,432,Arrival
142,BRI,1982,Arrival
143,BRM,54421,Arrival
144,BRN,103,Arrival
145,BRS,603423,Arrival
146,BRU,28283327,Arrival
147,BRX,1567,Arrival
148,BS1,59,Arrival
149,BS2,17,Arrival
150,BS3,2040,Arrival
151,BSB,2464324,Arrival
152,BSL,102408,Arrival
153,BSO,2,Arrival
154,BTS,198,Arrival
155,BUD,1966118,Arrival
156,BUS,3,Arrival
157,BUU,8,Arrival
158,BVA,5197,Arrival
159,BVB,1047,Arrival
160,BWE,57,Arrival
161,BWN,54,Arrival
162,BXO,3,Arrival
163,BYJ,63,Arrival
164,BZE,12411453,Arrival
165,BZZ,10363,Arrival
166,CA2,506,Arrival
167,CA5,26,Arrival
168,CA9,9,Arrival
169,CAG,15,Arrival
170,CAI,4567489,Arrival
171,CAL,115,Arrival
172,CAM,116,Arrival
173,CAN,6289027,Arrival
174,CAP,422433,Arrival
175,CAT,13,Arrival
176,CAY,8338,Arrival
177,CBB,11673,Arrival
178,CBG,28,Arrival
179,CBR,1506,Arrival
180,CCC,256,Arrival
181,CCE,8,Arrival
182,CCM,100,Arrival
183,CCP,5583,Arrival
184,CCS,29003332,Arrival
185,CCZ,8275,Arrival
186,CDG,154641371,Arrival
187,CEB,59831,Arrival
188,CEK,1,Arrival
189,CEL,4,Arrival
190,CEN,575,Arrival
191,CEQ,18,Arrival
192,CFB,2,Arrival
193,CFE,6,Arrival
194,CFG,408405,Arrival
195,CFQ,12,Arrival
196,CFR,30,Arrival
197,CGB,1489,Arrival
198,CGK,193874,Arrival
199,CGN,672966,Arrival
200,CGO,8,Arrival
201,CGQ,1065,Arrival
202,CGR,2263,Arrival
203,CGU,176,Arrival
204,CHC,78112,Arrival
205,CHE,2,Arrival
206,CHM,6,Arrival
207,CHQ,71,Arrival
208,CHR,270,Arrival
209,CIA,9674,Arrival
210,CIW,31440,Arrival
211,CIX,11063,Arrival
212,CIY,7,Arrival
213,CJS,23894,Arrival
214,CJU,5689,Arrival
215,CKG,172973,Arrival
216,CKY,350,Arrival
217,CLB,7,Arrival
218,CLO,4199548,Arrival
219,CMA,25,Arrival
220,CME,286463,Arrival
221,CMF,39,Arrival
222,CMN,3662621,Arrival
223,CMW,999823,Arrival
224,CN2,56,Arrival
225,CN4,22,Arrival
226,CN5,8,Arrival
227,CN6,26,Arrival
228,CN9,147,Arrival
229,CNB,17,Arrival
230,CND,382,Arrival
231,CNF,1497859,Arrival
232,CNS,781678,Arrival
233,CNX,3,Arrival
234,CO5,2,Arrival
235,COL,3,Arrival
236,COO,328,Arrival
237,COR,154467,Arrival
238,CPE,368,Arrival
239,CPH,19651652,Arrival
240,CPT,852300,Arrival
241,CRC,5,Arrival
242,CRK,13754,Arrival
243,CRL,164,Arrival
244,CRQ,190,Arrival
245,CRR,11,Arrival
246,CRV,136,Arrival
247,CSL,968,Arrival
248,CSS,22887,Arrival
249,CSX,145528,Arrival
250,CTA,500,Arrival
251,CTG,3839562,Arrival
252,CTM,635,Arrival
253,CTS,2805871,Arrival
254,CTT,5,Arrival
255,CTU,555109,Arrival
256,CUF,5,Arrival
257,CUL,515903,Arrival
258,CUM,957,Arrival
259,CUN,150177939,Arrival
260,CUR,5300568,Arrival
261,CUU,1298478,Arrival
262,CUZ,6,Arrival
263,CVJ,235,Arrival
264,CVM,31,Arrival
265,CVT,2,Arrival
266,CWB,121328,Arrival
267,CWL,564801,Arrival
268,CXH,14403,Arrival
269,CXI,85805,Arrival
270,CXY,3104,Arrival
271,CYB,44959,Arrival
272,CYI,4,Arrival
273,CZA,166,Arrival
274,CZE,381,Arrival
275,CZM,9656422,Arrival
276,DAC,10781,Arrival
277,DAD,458,Arrival
278,DAV,1838,Arrival
279,DBV,18338,Arrival
280,DCS,24091,Arrival
281,DEB,222,Arrival
282,DEL,8146208,Arrival
283,DGO,766991,Arrival
284,DHF,66,Arrival
285,DIG,2,Arrival
286,DIJ,23,Arrival
287,DIV,4,Arrival
288,DKR,3481500,Arrival
289,DLC,1794,Arrival
290,DLM,8,Arrival
291,DME,1339509,Arrival
292,DMK,93,Arrival
293,DNA,12755,Arrival
294,DNR,1,Arrival
295,DOH,13437799,Arrival
296,DOL,69,Arrival
297,DOM,671228,Arrival
298,DPS,1032405,Arrival
299,DRS,3,Arrival
300,DRW,124,Arrival
301,DSA,12061,Arrival
302,DSD,56,Arrival
303,DSS,164509,Arrival
304,DUB,34764146,Arrival
305,DUD,2,Arrival
306,DUR,5,Arrival
307,DUS,16561916,Arrival
308,DWC,42,Arrival
309,DXB,28568155,Arrival
310,DYR,9436,Arrival
311,DYU,60,Arrival
312,DZN,2,Arrival
313,EAS,16,Arrival
314,EBL,10,Arrival
315,ECI,9,Arrival
316,EDI,3533028,Arrival
317,EFL,39,Arrival
318,EGC,3,Arrival
319,EGS,454,Arrival
320,EIN,2755,Arrival
321,EIS,4590963,Arrival
322,ELH,816175,Arrival
323,EMA,218918,Arrival
324,EMD,16,Arrival
325,ENQ,3284,Arrival
326,EOH,8,Arrival
327,EPA,6,Arrival
328,ERF,25,Arrival
329,ESB,1345,Arrival
330,ESE,11,Arrival
331,ESM,114,Arrival
332,ETZ,276,Arrival
333,EUX,5422,Arrival
334,EVE,503,Arrival
335,EVN,6,Arrival
336,EXT,10454,Arrival
337,EXU,34,Arrival
338,EZE,31747438,Arrival
339,FAB,3284,Arrival
340,FAO,6153,Arrival
341,FBU,1162906,Arrival
342,FCN,4,Arrival
343,FCO,44338777,Arrival
344,FDF,944427,Arrival
345,FDH,20,Arrival
346,FEZ,375,Arrival
347,FFD,49,Arrival
348,FGI,853240,Arrival
349,FIH,3,Arrival
350,FKB,420,Arrival
351,FKS,11928,Arrival
352,FLA,91,Arrival
353,FLN,1532,Arrival
354,FLR,119,Arrival
355,FMM,5,Arrival
356,FMO,11,Arrival
357,FNA,220,Arrival
358,FNC,986,Arrival
359,FNJ,16,Arrival
360,FOC,233336,Arrival
361,FOR,468250,Arrival
362,FPO,10983627,Arrival
363,FRA,174820916,Arrival
364,FRF,30610,Arrival
365,FRL,106,Arrival
366,FRS,7161,Arrival
367,FRU,536,Arrival
368,FSC,24,Arrival
369,FSZ,6703,Arrival
370,FTE,4,Arrival
371,FUK,6880953,Arrival
372,FVT,12,Arrival
373,GAJ,197,Arrival
374,GAO,3339,Arrival
375,GCI,17,Arrival
376,GCM,20886292,Arrival
377,GDL,61550438,Arrival
378,GDN,1412,Arrival
379,GDT,67005,Arrival
380,GDX,74216,Arrival
381,GEL,2758,Arrival
382,GEN,102269,Arrival
383,GEO,3027804,Arrival
384,GGT,1180671,Arrival
385,GHB,263464,Arrival
386,GHC,4483,Arrival
387,GIB,20,Arrival
388,GIG,17719076,Arrival
389,GKE,14,Arrival
390,GLA,8181825,Arrival
391,GLF,12,Arrival
392,GLO,3,Arrival
393,GMC,124,Arrival
394,GMP,175,Arrival
395,GNB,143,Arrival
396,GND,2634509,Arrival
397,GOA,14093,Arrival
398,GOJ,4,Arrival
399,GOT,62770,Arrival
400,GOV,5,Arrival
401,GPI,402,Arrival
402,GPS,85,Arrival
403,GRO,918,Arrival
404,GRQ,2,Arrival
405,GRS,39,Arrival
406,GRU,61403386,Arrival
407,GSE,23,Arrival
408,GTB,1156,Arrival
409,GTK,110,Arrival
410,GUA,30193357,Arrival
411,GUR,13453,Arrival
412,GVA,6993318,Arrival
413,GWT,45,Arrival
414,GXH,127,Arrival
415,GYD,154086,Arrival
416,GYE,10972984,Arrival
417,GYM,678870,Arrival
418,GYN,1570,Arrival
419,HAC,149,Arrival
420,HAJ,9460,Arrival
421,HAK,77,Arrival
422,HAM,2101632,Arrival
423,HAN,336,Arrival
424,HAV,11996989,Arrival
425,HBI,132,Arrival
426,HBL,4,Arrival
427,HEA,4,Arrival
428,HEL,6517319,Arrival
429,HER,2,Arrival
430,HET,205,Arrival
431,HEX,6313,Arrival
432,HGH,340113,Arrival
433,HGO,3233,Arrival
434,HHN,10724,Arrival
435,HIJ,575492,Arrival
436,HIR,1074,Arrival
437,HKD,20131,Arrival
438,HKG,58035379,Arrival
439,HKT,1,Arrival
440,HLP,242,Arrival
441,HMO,3031465,Arrival
442,HMY,388,Arrival
443,HNA,4708,Arrival
444,HND,14561252,Arrival
445,HOG,1067458,Arrival
446,HOI,188,Arrival
447,HOK,4,Arrival
448,HOW,61412,Arrival
449,HRB,22180,Arrival
450,HRK,8,Arrival
451,HRT,7583,Arrival
452,HUG,152,Arrival
453,HUX,668891,Arrival
454,HUY,1043,Arrival
455,HVA,295,Arrival
456,IBR,1071,Arrival
457,IBZ,181,Arrival
458,ICN,78856744,Arrival
459,IEV,3381,Arrival
460,IGA,15,Arrival
461,IGR,202,Arrival
462,IGS,13,Arrival
463,IGU,937,Arrival
464,INC,7,Arrival
465,INN,133,Arrival
466,INU,11163,Arrival
467,INV,84,Arrival
468,IOA,2,Arrival
469,IOM,19,Arrival
470,IQQ,2293,Arrival
471,IQT,130454,Arrival
472,ISB,225,Arrival
473,ISL,7342011,Arrival
474,IST,19223354,Arrival
475,ITM,64856,Arrival
476,IUE,52,Arrival
477,IWA,5248,Arrival
478,IWK,644,Arrival
479,IWO,10287,Arrival
480,IZO,3459,Arrival
481,JAI,193,Arrival
482,JBQ,15,Arrival
483,JED,2753225,Arrival
484,JER,70,Arrival
485,JKH,11,Arrival
486,JMK,92,Arrival
487,JNB,4557758,Arrival
488,JNN,304,Arrival
489,JOI,318,Arrival
490,JPA,999,Arrival
491,JTR,30,Arrival
492,JUJ,4,Arrival
493,JUL,2,Arrival
494,KAN,17,Arrival
495,KBO,121,Arrival
496,KBP,2120431,Arrival
497,KCZ,6635,Arrival
498,KEF,19012008,Arrival
499,KEN,1,Arrival
500,KEP,56,Arrival
501,KGC,3,Arrival
502,KGL,17,Arrival
503,KHH,81417,Arrival
504,KHI,267926,Arrival
505,KHN,5365,Arrival
506,KHV,82780,Arrival
507,KIJ,432260,Arrival
508,KIK,16105,Arrival
509,KIN,23844930,Arrival
510,KIR,264,Arrival
511,KIV,165,Arrival
512,KIX,46882164,Arrival
513,KJK,124,Arrival
514,KKJ,3383,Arrival
515,KLU,204,Arrival
516,KLV,4,Arrival
517,KLX,20,Arrival
518,KMF,198,Arrival
519,KMI,10889,Arrival
520,KMJ,17492,Arrival
521,KMQ,41220,Arrival
522,KNA,10,Arrival
523,KOJ,10001,Arrival
524,KOK,2,Arrival
525,KR1,91,Arrival
526,KRK,960238,Arrival
527,KRP,343,Arrival
528,KRS,69,Arrival
529,KSA,1961,Arrival
530,KSC,6,Arrival
531,KSF,7,Arrival
532,KSI,92,Arrival
533,KTL,23,Arrival
534,KTP,17,Arrival
535,KTR,99,Arrival
536,KTT,5,Arrival
537,KTW,2023,Arrival
538,KUH,824,Arrival
539,KUL,33770,Arrival
540,KUO,205,Arrival
541,KUV,666,Arrival
542,KVA,248,Arrival
543,KVG,2,Arrival
544,KWA,83216,Arrival
545,KWE,5,Arrival
546,KWI,2458779,Arrival
547,KZN,42,Arrival
548,LAD,382163,Arrival
549,LAO,3683,Arrival
550,LAP,760589,Arrival
551,LBA,23760,Arrival
552,LBC,1,Arrival
553,LBG,6381,Arrival
554,LBV,6,Arrival
555,LBX,15191,Arrival
556,LCA,85618,Arrival
557,LCC,2,Arrival
558,LCE,36559,Arrival
559,LCG,95,Arrival
560,LCY,101570,Arrival
561,LDB,352,Arrival
562,LDE,24783,Arrival
563,LDU,54,Arrival
564,LDY,21,Arrival
565,LED,75324,Arrival
566,LEJ,19236,Arrival
567,LEV,977,Arrival
568,LFW,427,Arrival
569,LGG,6631,Arrival
570,LGI,2,Arrival
571,LGQ,1064,Arrival
572,LGW,102037880,Arrival
573,LHE,205714,Arrival
574,LHR,328296029,Arrival
575,LIB,2105,Arrival
576,LIL,22890,Arrival
577,LIM,34178939,Arrival
578,LIN,2838,Arrival
579,LIR,9072973,Arrival
580,LIS,11645289,Arrival
581,LJU,102,Arrival
582,LLA,2,Arrival
583,LMM,57719,Arrival
584,LMO,993,Arrival
585,LNZ,3,Arrival
586,LOM,21,Arrival
587,LOS,2460728,Arrival
588,LOV,32865,Arrival
589,LPA,817,Arrival
590,LPB,1332264,Arrival
591,LPI,3,Arrival
592,LPL,19465,Arrival
593,LRH,231,Arrival
594,LRI,555,Arrival
595,LRM,2052055,Arrival
596,LRT,3,Arrival
597,LSX,7772,Arrival
598,LTB,2,Arrival
599,LTM,1297,Arrival
600,LTN,318035,Arrival
601,LTO,1253424,Arrival
602,LUG,10,Arrival
603,LUN,774,Arrival
604,LUX,42919,Arrival
605,LWO,1022,Arrival
606,LYE,595,Arrival
607,LYN,50,Arrival
608,LYS,259782,Arrival
609,LYX,59,Arrival
610,MAA,94,Arrival
611,MAD,51232536,Arrival
612,MAG,1809,Arrival
613,MAH,2889,Arrival
614,MAJ,1063312,Arrival
615,MAM,741,Arrival
616,MAN,40599549,Arrival
617,MAO,2183036,Arrival
618,MAP,2724,Arrival
619,MAR,3543086,Arrival
620,MAS,8521,Arrival
621,MAY,16,Arrival
622,MBA,26,Arrival
623,MBJ,60400818,Arrival
624,MCA,1956,Arrival
625,MCP,1591,Arrival
626,MCU,656,Arrival
627,MCZ,2980,Arrival
628,MDE,7475783,Arrival
629,MDQ,119,Arrival
630,MDZ,41859,Arrival
631,MEC,2130,Arrival
632,MED,31363,Arrival
633,MEL,7442918,Arrival
634,MEN,344,Arrival
635,MES,373,Arrival
636,MEX,149869428,Arrival
637,MFM,6017,Arrival
638,MFN,7,Arrival
639,MGA,12354659,Arrival
640,MGN,4,Arrival
641,MHH,1929503,Arrival
642,MHZ,8241,Arrival
643,MID,2725170,Arrival
644,MIN,128,Arrival
645,MJB,2133,Arrival
646,MJG,126,Arrival
647,MJI,6,Arrival
648,MJT,65,Arrival
649,MJV,2,Arrival
650,MKJ,2,Arrival
651,MKP,4,Arrival
652,MKY,9,Arrival
653,MLA,5034,Arrival
654,MLH,17889,Arrival
655,MLM,5048382,Arrival
656,MLN,4794,Arrival
657,MMB,2604,Arrival
658,MME,37209,Arrival
659,MMJ,866,Arrival
660,MMX,1580,Arrival
661,MNI,15,Arrival
662,MNL,21836353,Arrival
663,MNO,4637,Arrival
664,MOA,160,Arrival
665,MOC,14,Arrival
666,MOW,4093,Arrival
667,MPI,26,Arrival
668,MPL,393,Arrival
669,MPX,465,Arrival
670,MQP,48,Arrival
671,MQS,62,Arrival
672,MRS,33883,Arrival
673,MRX,21951,Arrival
674,MSE,20707,Arrival
675,MSJ,7017,Arrival
676,MSQ,5,Arrival
677,MST,3145,Arrival
678,MTT,73,Arrival
679,MTY,22451130,Arrival
680,MTZ,1973,Arrival
681,MUC,41426234,Arrival
682,MUN,825,Arrival
683,MUR,30,Arrival
684,MVD,1342466,Arrival
685,MVJ,2338,Arrival
686,MWX,1379,Arrival
687,MXL,57042,Arrival
688,MXP,27008453,Arrival
689,MXS,9816,Arrival
690,MYE,18,Arrival
691,MYJ,22419,Arrival
692,MYT,53,Arrival
693,MZK,16,Arrival
694,MZO,13608,Arrival
695,MZT,8693583,Arrival
696,NAN,5667309,Arrival
697,NAO,12,Arrival
698,NAP,403515,Arrival
699,NAS,57218222,Arrival
700,NAT,9929,Arrival
701,NB1,4,Arrival
702,NBA,36,Arrival
703,NBC,1519,Arrival
704,NBO,143296,Arrival
705,NBW,305091,Arrival
706,NCA,1613,Arrival
707,NCE,2735973,Arrival
708,NCL,1066747,Arrival
709,NCP,255,Arrival
710,NDZ,471,Arrival
711,NER,22041,Arrival
712,NEU,962,Arrival
713,NEV,237691,Arrival
714,NGB,1271,Arrival
715,NGD,23,Arrival
716,NGO,23777559,Arrival
717,NGS,9258,Arrival
718,NHT,366,Arrival
719,NIM,25,Arrival
720,NKG,205556,Arrival
721,NKM,1217560,Arrival
722,NLD,1302,Arrival
723,NMC,19,Arrival
724,NOC,41068,Arrival
725,NON,17191,Arrival
726,NOP,1103,Arrival
727,NOU,49572,Arrival
728,NPE,8,Arrival
729,NQY,831,Arrival
730,NRK,5,Arrival
731,NRT,254928917,Arrival
732,NSB,59826,Arrival
733,NSI,6,Arrival
734,NSY,5208,Arrival
735,NTE,16670,Arrival
736,NTR,8385,Arrival
737,NUE,5438,Arrival
738,NUG,87,Arrival
739,NVT,2,Arrival
740,NWI,2206,Arrival
741,NYO,6,Arrival
742,OAX,507106,Arrival
743,OBF,64,Arrival
744,OBO,17808,Arrival
745,OCJ,4,Arrival
746,ODE,44,Arrival
747,ODS,7,Arrival
748,OHA,658,Arrival
749,OIT,8557,Arrival
750,OKA,304867,Arrival
751,OKJ,348004,Arrival
752,OKO,28455,Arrival
753,OLB,177,Arrival
754,OLL,5,Arrival
755,ON1,26,Arrival
756,ON2,1,Arrival
757,OOL,8,Arrival
758,OPO,801204,Arrival
759,OQU,7,Arrival
760,ORG,7,Arrival
761,ORK,44494,Arrival
762,ORY,14797882,Arrival
763,OSA,6474574,Arrival
764,OSD,5,Arrival
765,OSL,4874659,Arrival
766,OSN,5875,Arrival
767,OSR,176,Arrival
768,OST,20732,Arrival
769,OTD,40,Arrival
770,OTP,367132,Arrival
771,OVD,827,Arrival
772,OXF,47,Arrival
773,OZP,1481,Arrival
774,PAA,440,Arrival
775,PAC,3,Arrival
776,PAD,1243,Arrival
777,PAP,21860380,Arrival
778,PAR,20,Arrival
779,PAS,5,Arrival
780,PAZ,615,Arrival
781,PBC,712515,Arrival
782,PBL,118,Arrival
783,PBM,157701,Arrival
784,PCL,3,Arrival
785,PDL,1526680,Arrival
786,PDP,8,Arrival
787,PEE,2,Arrival
788,PEG,8,Arrival
789,PEI,40280,Arrival
790,PEK,33940033,Arrival
791,PEO,2,Arrival
792,PGF,173,Arrival
793,PHI,505,Arrival
794,PIC,348,Arrival
795,PID,103853,Arrival
796,PIK,155481,Arrival
797,PIO,4488,Arrival
798,PKC,40747,Arrival
799,PLA,351,Arrival
800,PLL,60,Arrival
801,PLQ,1,Arrival
802,PLS,11628587,Arrival
803,PMC,50,Arrival
804,PMF,7,Arrival
805,PMI,1372,Arrival
806,PMO,208487,Arrival
807,PMV,223620,Arrival
808,PMW,197,Arrival
809,PNA,27,Arrival
810,PNH,1870,Arrival
811,PNI,88253,Arrival
812,POA,163255,Arrival
813,POM,16295,Arrival
814,POP,11285666,Arrival
815,POS,18657625,Arrival
816,POX,3,Arrival
817,POZ,7,Arrival
818,PPE,3266,Arrival
819,PPO,83,Arrival
820,PPP,1412,Arrival
821,PPT,11138150,Arrival
822,PRG,3008527,Arrival
823,PRN,3562,Arrival
824,PSA,331993,Arrival
825,PSD,218,Arrival
826,PSO,349,Arrival
827,PSR,85,Arrival
828,PT1,10,Arrival
829,PTP,1215258,Arrival
830,PTY,42002366,Arrival
831,PUD,152,Arrival
832,PUF,277,Arrival
833,PUG,2,Arrival
834,PUJ,33885631,Arrival
835,PUQ,1859,Arrival
836,PUR,339,Arrival
837,PUS,1907916,Arrival
838,PVG,29592744,Arrival
839,PVK,4,Arrival
840,PVR,40865638,Arrival
841,PVS,1788,Arrival
842,PZA,422,Arrival
843,PZO,5590,Arrival
844,QC1,1,Arrival
845,QDC,93,Arrival
846,QPG,124,Arrival
847,QRO,2000256,Arrival
848,QSR,31,Arrival
849,RAB,17,Arrival
850,RAI,347237,Arrival
851,RAK,1394,Arrival
852,RAR,601788,Arrival
853,RBA,79,Arrival
854,RBR,70,Arrival
855,REC,1090079,Arrival
856,REK,372,Arrival
857,REP,4,Arrival
858,RES,2438,Arrival
859,REX,393,Arrival
860,RGA,3,Arrival
861,RGN,84,Arrival
862,RHO,4,Arrival
863,RIX,346205,Arrival
864,RJK,24,Arrival
865,RKE,13,Arrival
866,RKT,1,Arrival
867,RKV,171,Arrival
868,RLG,146,Arrival
869,RMI,16,Arrival
870,RMS,23714,Arrival
871,ROB,12944,Arrival
872,ROR,1362259,Arrival
873,ROS,2414,Arrival
874,ROU,47,Arrival
875,ROV,8,Arrival
876,RSD,5035,Arrival
877,RTB,1517669,Arrival
878,RTM,3103,Arrival
879,RTS,2,Arrival
880,RU4,6,Arrival
881,RUH,1394494,Arrival
882,RVA,65,Arrival
883,RVN,82,Arrival
884,RZA,169,Arrival
885,RZE,78935,Arrival
886,SAL,33185319,Arrival
887,SAP,11467256,Arrival
888,SAQ,4153,Arrival
889,SAW,142,Arrival
890,SBH,140351,Arrival
891,SCL,17962758,Arrival
892,SCN,1,Arrival
893,SCQ,47261,Arrival
894,SCU,344454,Arrival
895,SDG,242,Arrival
896,SDJ,2101274,Arrival
897,SDL,51,Arrival
898,SDQ,55615565,Arrival
899,SDR,29,Arrival
900,SEL,27267747,Arrival
901,SEN,53,Arrival
902,SEZ,204,Arrival
903,SFD,924,Arrival
904,SFG,18,Arrival
905,SFH,1168,Arrival
906,SFJ,4030,Arrival
907,SFS,140,Arrival
908,SGD,118,Arrival
909,SGJ,1,Arrival
910,SGN,553,Arrival
911,SGX,5,Arrival
912,SHA,1511649,Arrival
913,SHB,202,Arrival
914,SHE,96315,Arrival
915,SHI,9,Arrival
916,SHJ,138,Arrival
917,SID,1789438,Arrival
918,SIN,3067386,Arrival
919,SIR,29,Arrival
920,SJD,47188767,Arrival
921,SJI,166,Arrival
922,SJJ,5,Arrival
923,SJO,40849992,Arrival
924,SJW,7277,Arrival
925,SKB,3756743,Arrival
926,SKG,3059,Arrival
927,SKP,17,Arrival
928,SKX,14,Arrival
929,SLI,95,Arrival
930,SLM,24,Arrival
931,SLP,1507373,Arrival
932,SLS,110,Arrival
933,SLU,1615888,Arrival
934,SLW,254131,Arrival
935,SLZ,5093,Arrival
936,SMA,31676,Arrival
937,SMB,20,Arrival
938,SML,376,Arrival
939,SMR,5226,Arrival
940,SMV,38,Arrival
941,SNN,18198214,Arrival
942,SNR,33,Arrival
943,SNU,1036236,Arrival
944,SOF,195759,Arrival
945,SOI,2780,Arrival
946,SOU,29,Arrival
947,SPK,118,Arrival
948,SPU,321,Arrival
949,SRI,2,Arrival
950,SSA,593765,Arrival
951,SSG,4542,Arrival
952,SSH,230,Arrival
953,SSJ,4132,Arrival
954,SSL,5,Arrival
955,SSN,2742,Arrival
956,SSS,84,Arrival
957,STD,613,Arrival
958,STI,18140885,Arrival
959,STM,382,Arrival
960,STN,824040,Arrival
961,STO,26,Arrival
962,STR,3152235,Arrival
963,SUB,121,Arrival
964,SUF,12,Arrival
965,SUJ,19308,Arrival
966,SVD,188860,Arrival
967,SVG,19458,Arrival
968,SVO,12901356,Arrival
969,SVQ,934,Arrival
970,SVX,2,Arrival
971,SVZ,24019,Arrival
972,SWI,127,Arrival
973,SWL,94,Arrival
974,SXB,327,Arrival
975,SXF,25666,Arrival
976,SXM,18005753,Arrival
977,SXU,7,Arrival
978,SYD,40564927,Arrival
979,SYO,2448,Arrival
980,SZB,317,Arrival
981,SZG,629,Arrival
982,SZT,5,Arrival
983,SZX,243560,Arrival
984,TAB,249226,Arrival
985,TAE,2525,Arrival
986,TAF,1293,Arrival
987,TAK,29692,Arrival
988,TAM,633279,Arrival
989,TAO,276997,Arrival
990,TAP,374,Arrival
991,TAR,3,Arrival
992,TAS,76078,Arrival
993,TBI,12549,Arrival
994,TBS,131,Arrival
995,TBU,128945,Arrival
996,TCB,361243,Arrival
997,TCP,80,Arrival
998,TER,644483,Arrival
999,TET,16,Arrival
1000,TFN,17260,Arrival
1001,TFS,37087,Arrival
1002,TGD,107,Arrival
1003,TGU,5130415,Arrival
1004,TGZ,24984,Arrival
1005,THE,1282,Arrival
1006,THF,62,Arrival
1007,THU,362,Arrival
1008,TIA,3811,Arrival
1009,TIF,14,Arrival
1010,TIJ,309173,Arrival
1011,TIP,4,Arrival
1012,TIV,40,Arrival
1013,TKK,1618197,Arrival
1014,TKS,1175,Arrival
1015,TKU,4218,Arrival
1016,TLC,697221,Arrival
1017,TLL,195,Arrival
1018,TLN,141,Arrival
1019,TLS,11291,Arrival
1020,TLV,32150210,Arrival
1021,TMP,534,Arrival
1022,TNA,146841,Arrival
1023,TNG,80,Arrival
1024,TNN,306,Arrival
1025,TOJ,744,Arrival
1026,TOS,14,Arrival
1027,TOV,14,Arrival
1028,TOY,19458,Arrival
1029,TPE,61956124,Arrival
1030,TPP,26140,Arrival
1031,TPQ,33034,Arrival
1032,TPR,9313,Arrival
1033,TRC,968978,Arrival
1034,TRD,728,Arrival
1035,TRF,11639,Arrival
1036,TRK,5,Arrival
1037,TRN,7870,Arrival
1038,TRS,115,Arrival
1039,TRU,697,Arrival
1040,TSA,38,Arrival
1041,TSB,4,Arrival
1042,TSE,16,Arrival
1043,TSF,102,Arrival
1044,TSN,8911,Arrival
1045,TSR,208582,Arrival
1046,TSV,765,Arrival
1047,TTH,88,Arrival
1048,TTJ,2634,Arrival
1049,TUC,701,Arrival
1050,TUF,23,Arrival
1051,TUM,7830,Arrival
1052,TUN,3,Arrival
1053,TUT,204,Arrival
1054,TXL,5332630,Arrival
1055,TYL,2,Arrival
1056,TYM,422,Arrival
1057,TYN,549,Arrival
1058,TYO,6,Arrival
1059,TZN,3403,Arrival
1060,UAK,229,Arrival
1061,UBJ,3865,Arrival
1062,UBP,54,Arrival
1063,UDJ,3,Arrival
1064,UIO,10717791,Arrival
1065,UK1,2,Arrival
1066,UKB,2,Arrival
1067,ULN,135,Arrival
1068,UNI,263,Arrival
1069,UPN,92455,Arrival
1070,USH,737,Arrival
1071,UTP,759,Arrival
1072,UUS,4822,Arrival
1073,UUU,3,Arrival
1074,UVF,5471810,Arrival
1075,VAR,7,Arrival
1076,VAV,1323,Arrival
1077,VCE,4027054,Arrival
1078,VCP,2217638,Arrival
1079,VDA,3090,Arrival
1080,VER,926876,Arrival
1081,VGO,3,Arrival
1082,VIE,9880531,Arrival
1083,VIG,201,Arrival
1084,VIJ,94259,Arrival
1085,VIT,399,Arrival
1086,VIX,3,Arrival
1087,VKO,252301,Arrival
1088,VLC,74574,Arrival
1089,VLI,82,Arrival
1090,VLL,3,Arrival
1091,VLN,949240,Arrival
1092,VNO,6,Arrival
1093,VRA,304986,Arrival
1094,VRN,63,Arrival
1095,VSA,542014,Arrival
1096,VST,1,Arrival
1097,VUP,6,Arrival
1098,VVI,2591449,Arrival
1099,VVO,28663,Arrival
1100,VZX,44,Arrival
1101,WAT,5,Arrival
1102,WAW,9774221,Arrival
1103,WDH,297,Arrival
1104,WGL,7,Arrival
1105,WKR,2063,Arrival
1106,WLG,412,Arrival
1107,WMI,1,Arrival
1108,WRO,2,Arrival
1109,WTD,5967,Arrival
1110,WUH,370544,Arrival
1111,WUX,1069,Arrival
1112,XCM,10,Arrival
1113,XIY,62639,Arrival
1114,XMN,183315,Arrival
1115,XNG,163,Arrival
1116,XPL,762,Arrival
1117,XRY,238,Arrival
1118,XSP,6,Arrival
1119,XWQ,399,Arrival
1120,YAF,463,Arrival
1121,YAM,5975,Arrival
1122,YAP,798180,Arrival
1123,YAT,555,Arrival
1124,YAU,1,Arrival
1125,YAZ,2458,Arrival
1126,YBG,552,Arrival
1127,YBL,47083,Arrival
1128,YBS,78,Arrival
1129,YBW,473,Arrival
1130,YCC,151,Arrival
1131,YCD,7963,Arrival
1132,YCE,1,Arrival
1133,YCF,3646,Arrival
1134,YCG,454,Arrival
1135,YCH,197,Arrival
1136,YCJ,53082,Arrival
1137,YCK,53,Arrival
1138,YCL,173,Arrival
1139,YCM,37,Arrival
1140,YCO,6,Arrival
1141,YDA,4396,Arrival
1142,YDF,2632,Arrival
1143,YDL,19,Arrival
1144,YDS,2532,Arrival
1145,YEG,20376505,Arrival
1146,YEM,39,Arrival
1147,YEV,781,Arrival
1148,YFB,9579,Arrival
1149,YFC,83520,Arrival
1150,YGB,20,Arrival
1151,YGE,161,Arrival
1152,YGG,234,Arrival
1153,YGJ,1430,Arrival
1154,YGK,150,Arrival
1155,YGL,75,Arrival
1156,YGN,263,Arrival
1157,YGP,10,Arrival
1158,YGR,20,Arrival
1159,YHD,213,Arrival
1160,YHH,6693,Arrival
1161,YHM,236614,Arrival
1162,YHR,66,Arrival
1163,YHS,428,Arrival
1164,YHT,104,Arrival
1165,YHU,26332,Arrival
1166,YHZ,7628808,Arrival
1167,YIG,2394,Arrival
1168,YJT,34802,Arrival
1169,YKA,65498,Arrival
1170,YKF,307368,Arrival
1171,YKS,152,Arrival
1172,YKZ,808,Arrival
1173,YLS,185,Arrival
1174,YLW,2150317,Arrival
1175,YMA,385,Arrival
1176,YMF,38,Arrival
1177,YMH,2,Arrival
1178,YML,14,Arrival
1179,YMM,29580,Arrival
1180,YMP,2751,Arrival
1181,YMU,107,Arrival
1182,YMV,467,Arrival
1183,YMW,8,Arrival
1184,YMX,3111971,Arrival
1185,YND,13,Arrival
1186,YNK,337,Arrival
1187,YNL,5068,Arrival
1188,YNY,412,Arrival
1189,YOC,2062,Arrival
1190,YOD,4519,Arrival
1191,YOG,83,Arrival
1192,YOO,25,Arrival
1193,YOW,16231288,Arrival
1194,YPA,160,Arrival
1195,YPD,106,Arrival
1196,YPQ,2731,Arrival
1197,YPR,800,Arrival
1198,YPS,106,Arrival
1199,YPT,147,Arrival
1200,YPW,2770,Arrival
1201,YQA,420,Arrival
1202,YQB,4020435,Arrival
1203,YQD,215,Arrival
1204,YQF,24,Arrival
1205,YQG,11301,Arrival
1206,YQI,294,Arrival
1207,YQJ,175,Arrival
1208,YQK,16693,Arrival
1209,YQL,2490,Arrival
1210,YQM,343260,Arrival
1211,YQQ,169,Arrival
1212,YQR,2449126,Arrival
1213,YQT,312049,Arrival
1214,YQU,1159,Arrival
1215,YQX,1925316,Arrival
1216,YQY,1727,Arrival
1217,YQZ,161,Arrival
1218,YR1,58,Arrival
1219,YRC,46,Arrival
1220,YRI,2,Arrival
1221,YRJ,19,Arrival
1222,YRQ,297,Arrival
1223,YSB,443,Arrival
1224,YSC,18,Arrival
1225,YSF,27,Arrival
1226,YSJ,15128,Arrival
1227,YSL,13,Arrival
1228,YSN,32,Arrival
1229,YSP,37,Arrival
1230,YSU,459,Arrival
1231,YTA,2,Arrival
1232,YTF,6,Arrival
1233,YTG,1138,Arrival
1234,YTM,12632,Arrival
1235,YTP,151,Arrival
1236,YTR,2419,Arrival
1237,YTS,668,Arrival
1238,YTZ,7951711,Arrival
1239,YUB,652,Arrival
1240,YUL,86563501,Arrival
1241,YUY,36,Arrival
1242,YVB,465,Arrival
1243,YVC,916,Arrival
1244,YVO,50,Arrival
1245,YVR,121361766,Arrival
1246,YWG,12019096,Arrival
1247,YWH,239930,Arrival
1248,YWL,1419,Arrival
1249,YWR,636,Arrival
1250,YWS,53,Arrival
1251,YXC,4537,Arrival
1252,YXD,263,Arrival
1253,YXE,2828448,Arrival
1254,YXH,69,Arrival
1255,YXJ,632,Arrival
1256,YXR,24,Arrival
1257,YXS,11342,Arrival
1258,YXT,1356,Arrival
1259,YXU,922785,Arrival
1260,YXX,25523,Arrival
1261,YXY,98846,Arrival
1262,YXZ,1254,Arrival
1263,YYB,1669,Arrival
1264,YYC,61098631,Arrival
1265,YYD,16,Arrival
1266,YYF,1577,Arrival
1267,YYG,75562,Arrival
1268,YYJ,5336682,Arrival
1269,YYL,258,Arrival
1270,YYN,754,Arrival
1271,YYQ,1267,Arrival
1272,YYR,210192,Arrival
1273,YYT,762546,Arrival
1274,YYU,468,Arrival
1275,YYY,472,Arrival
1276,YYZ,258191532,Arrival
1277,YZE,16,Arrival
1278,YZF,7020,Arrival
1279,YZR,56,Arrival
1280,YZT,12878,Arrival
1281,YZV,227,Arrival
1282,ZAG,6188,Arrival
1283,ZAM,176,Arrival
1284,ZAZ,487,Arrival
1285,ZBF,5,Arrival
1286,ZBM,40,Arrival
1287,ZCL,2879084,Arrival
1288,ZEL,44,Arrival
1289,ZIH,4503953,Arrival
1290,ZLO,1557557,Arrival
1291,ZMD,1342,Arrival
1292,ZMH,5,Arrival
1293,ZMT,91,Arrival
1294,ZNA,8712,Arrival
1295,ZQN,2,Arrival
1296,ZRH,45099128,Arrival
1297,ZSA,158739,Arrival
1298,ZSL,7,Arrival
1299,ZSW,143,Arrival
1300,ZTS,47,Arrival
1301,ZUH,258,Arrival
1302,ZXA,3989,Arrival
1303,ZXD,259,Arrival
